name,count,cuda_time_total_ms,is_comm
"ncclDevKernel_AllGather_RING_LL(ncclDevComm*, unsigned long, ncclWork*)",6076,45760.999945,True
ampere_sgemm_64x32_sliced1x4_nt,3528,13550.334573,False
ampere_sgemm_128x32_tn,3528,9916.437441,False
ampere_sgemm_32x128_nn,2352,6537.300166,False
"fmha_cutlassB_f32_aligned_64x64_k64_dropout_sm80(PyTorchMemEffAttention::AttentionBackwardKernel<cutlass::arch::Sm80, float, true, true, false, 64, 64, 64, false>::Params)",1176,5721.936583,False
ampere_sgemm_128x64_tn,1176,4759.926079,False
ampere_sgemm_128x128_nn,1176,4738.677725,False
"void at_cuda_detail::cub::DeviceRadixSortOnesweepKernel<at_cuda_detail::cub::DeviceRadixSortPolicy<long, at::cuda::cub::detail::OpaqueType<8>, unsigned long long>::Policy800, false, long, at::cuda::cub::detail::OpaqueType<8>, unsigned long long, int, int>(int*, int*, unsigned long long*, unsigned long long const*, long*, long const*, at::cuda::cub::detail::OpaqueType<8>*, at::cuda::cub::detail::OpaqueType<8> const*, int, int, int)",8967,4199.558990,False
ampere_sgemm_128x64_nn,1176,3476.263645,False
"fmha_cutlassF_f32_aligned_64x64_rf_sm80(PyTorchMemEffAttention::AttentionKernel<float, cutlass::arch::Sm80, true, 64, 64, 64, true, true>::Params)",1176,2917.092531,False
ampere_sgemm_64x32_sliced1x4_nn,49,2593.094930,False
void cutlass::Kernel<cutlass_80_simt_sgemm_32x128_8x5_nt_align1>(cutlass_80_simt_sgemm_32x128_8x5_nt_align1::Params),49,2365.132962,False
ampere_sgemm_128x128_tn,49,2345.710497,False
"void at::native::vectorized_elementwise_kernel<4, at::native::CUDAFunctor_add<float>, at::detail::Array<char*, 3> >(int, at::native::CUDAFunctor_add<float>, at::detail::Array<char*, 3>)",11956,1671.088318,False
"void at::native::vectorized_elementwise_kernel<4, at::native::AUnaryFunctor<float, float, float, at::native::binary_internal::MulFunctor<float> >, at::detail::Array<char*, 2> >(int, at::native::AUnaryFunctor<float, float, float, at::native::binary_internal::MulFunctor<float> >, at::detail::Array<char*, 2>)",10731,1654.015974,False
"void at::native::vectorized_elementwise_kernel<4, at::native::BinaryFunctor<float, float, float, at::native::binary_internal::MulFunctor<float> >, at::detail::Array<char*, 3> >(int, at::native::BinaryFunctor<float, float, float, at::native::binary_internal::MulFunctor<float> >, at::detail::Array<char*, 3>)",5978,1490.706717,False
ampere_sgemm_128x64_nt,1176,1180.712009,False
"void at::native::vectorized_elementwise_kernel<4, at::native::tanh_backward_kernel_cuda(at::TensorIteratorBase&)::{lambda()#2}::operator()() const::{lambda()#2}::operator()() const::{lambda(float, float)#1}, at::detail::Array<char*, 3> >(int, at::native::tanh_backward_kernel_cuda(at::TensorIteratorBase&)::{lambda()#2}::operator()() const::{lambda()#2}::operator()() const::{lambda(float, float)#1}, at::detail::Array<char*, 3>)",1176,358.256617,False
"void at::native::reduce_kernel<128, 4, at::native::ReduceOp<float, at::native::func_wrapper_t<float, at::native::sum_functor<float, float, float>::operator()(at::TensorIterator&)::{lambda(float, float)#1}>, unsigned int, float, 4> >(at::native::ReduceOp<float, at::native::func_wrapper_t<float, at::native::sum_functor<float, float, float>::operator()(at::TensorIterator&)::{lambda(float, float)#1}>, unsigned int, float, 4>)",4753,337.285149,False
"void at::native::(anonymous namespace)::cunn_SoftMaxBackward<4, float, float, float, at::native::(anonymous namespace)::LogSoftMaxBackwardEpilogue>(float*, float const*, float const*, long)",49,242.886954,False
"void at::native::vectorized_elementwise_kernel<4, at::native::(anonymous namespace)::pow_tensor_scalar_kernel_impl<float, float>(at::TensorIteratorBase&, float)::{lambda(float)#1}, at::detail::Array<char*, 2> >(int, at::native::(anonymous namespace)::pow_tensor_scalar_kernel_impl<float, float>(at::TensorIteratorBase&, float)::{lambda(float)#1}, at::detail::Array<char*, 2>)",1176,237.464659,False
"void at::native::vectorized_elementwise_kernel<4, at::native::tanh_kernel_cuda(at::TensorIteratorBase&)::{lambda()#2}::operator()() const::{lambda()#2}::operator()() const::{lambda(float)#1}, at::detail::Array<char*, 2> >(int, at::native::tanh_kernel_cuda(at::TensorIteratorBase&)::{lambda()#2}::operator()() const::{lambda()#2}::operator()() const::{lambda(float)#1}, at::detail::Array<char*, 2>)",1176,237.049138,False
"void at::native::vectorized_elementwise_kernel<4, at::native::CUDAFunctorOnSelf_add<float>, at::detail::Array<char*, 2> >(int, at::native::CUDAFunctorOnSelf_add<float>, at::detail::Array<char*, 2>)",1225,237.037467,False
"void at::native::vectorized_elementwise_kernel<4, at::native::(anonymous namespace)::pow_tensor_scalar_kernel_impl<float, float>(at::TensorIteratorBase&, float)::{lambda(float)#2}, at::detail::Array<char*, 2> >(int, at::native::(anonymous namespace)::pow_tensor_scalar_kernel_impl<float, float>(at::TensorIteratorBase&, float)::{lambda(float)#2}, at::detail::Array<char*, 2>)",1176,236.976886,False
"void at::native::elementwise_kernel<128, 2, at::native::gpu_kernel_impl_nocast<at::native::direct_copy_kernel_cuda(at::TensorIteratorBase&)::{lambda()#3}::operator()() const::{lambda()#7}::operator()() const::{lambda(float)#1}>(at::TensorIteratorBase&, at::native::direct_copy_kernel_cuda(at::TensorIteratorBase&)::{lambda()#3}::operator()() const::{lambda()#7}::operator()() const::{lambda(float)#1} const&)::{lambda(int)#1}>(int, at::native::gpu_kernel_impl_nocast<at::native::direct_copy_kernel_cuda(at::TensorIteratorBase&)::{lambda()#3}::operator()() const::{lambda()#7}::operator()() const::{lambda(float)#1}>(at::TensorIteratorBase&, at::native::direct_copy_kernel_cuda(at::TensorIteratorBase&)::{lambda()#3}::operator()() const::{lambda()#7}::operator()() const::{lambda(float)#1} const&)::{lambda(int)#1})",4746,232.467425,False
"void at::native::(anonymous namespace)::cunn_SoftMaxForward<4, float, float, float, at::native::(anonymous namespace)::LogSoftMaxForwardEpilogue>(float*, float const*, int)",49,232.150345,False
"void (anonymous namespace)::elementwise_kernel_with_index<int, at::native::arange_cuda_out(c10::Scalar const&, c10::Scalar const&, c10::Scalar const&, at::Tensor&)::{lambda()#1}::operator()() const::{lambda()#4}::operator()() const::{lambda(long)#1}>(int, at::native::arange_cuda_out(c10::Scalar const&, c10::Scalar const&, c10::Scalar const&, at::Tensor&)::{lambda()#1}::operator()() const::{lambda()#4}::operator()() const::{lambda(long)#1}, function_traits<at::native::arange_cuda_out(c10::Scalar const&, c10::Scalar const&, c10::Scalar const&, at::Tensor&)::{lambda()#1}::operator()() const::{lambda()#4}::operator()() const::{lambda(long)#1}>::result_type*)",1365,219.388542,False
"void at::native::(anonymous namespace)::distribution_elementwise_grid_stride_kernel<unsigned long, 2, at::native::templates::cuda::random_from_to_kernel<at::CUDAGeneratorImpl*>(at::TensorIteratorBase&, unsigned long, long, at::CUDAGeneratorImpl*)::{lambda()#1}::operator()() const::{lambda()#4}::operator()() const::{lambda(curandStatePhilox4_32_10*)#1}, at::native::(anonymous namespace)::distribution_nullary_kernel<long, unsigned long, ulonglong2, at::CUDAGeneratorImpl*, at::native::templates::cuda::random_from_to_kernel<at::CUDAGeneratorImpl*>(at::TensorIteratorBase&, unsigned long, long, at::CUDAGeneratorImpl*)::{lambda()#1}::operator()() const::{lambda()#4}::operator()() const::{lambda(curandStatePhilox4_32_10*)#1}, at::native::templates::cuda::random_from_to_kernel<at::CUDAGeneratorImpl*>(at::TensorIteratorBase&, unsigned long, long, at::CUDAGeneratorImpl*)::{lambda()#1}::operator()() const::{lambda()#4}::operator()() const::{lambda(unsigned long)#1}>(at::TensorIteratorBase&, at::CUDAGeneratorImpl*, at::native::templates::cuda::random_from_to_kernel<at::CUDAGeneratorImpl*>(at::TensorIteratorBase&, unsigned long, long, at::CUDAGeneratorImpl*)::{lambda()#1}::operator()() const::{lambda()#4}::operator()() const::{lambda(curandStatePhilox4_32_10*)#1} const&, at::native::templates::cuda::random_from_to_kernel<at::CUDAGeneratorImpl*>(at::TensorIteratorBase&, unsigned long, long, at::CUDAGeneratorImpl*)::{lambda()#1}::operator()() const::{lambda()#4}::operator()() const::{lambda(unsigned long)#1})::{lambda(int, unsigned long)#1}>(int, at::PhiloxCudaState, at::native::templates::cuda::random_from_to_kernel<at::CUDAGeneratorImpl*>(at::TensorIteratorBase&, unsigned long, long, at::CUDAGeneratorImpl*)::{lambda()#1}::operator()() const::{lambda()#4}::operator()() const::{lambda(curandStatePhilox4_32_10*)#1}, at::native::(anonymous namespace)::distribution_nullary_kernel<long, unsigned long, ulonglong2, at::CUDAGeneratorImpl*, at::native::templates::cuda::random_from_to_kernel<at::CUDAGeneratorImpl*>(at::TensorIteratorBase&, unsigned long, long, at::CUDAGeneratorImpl*)::{lambda()#1}::operator()() const::{lambda()#4}::operator()() const::{lambda(curandStatePhilox4_32_10*)#1}, at::native::templates::cuda::random_from_to_kernel<at::CUDAGeneratorImpl*>(at::TensorIteratorBase&, unsigned long, long, at::CUDAGeneratorImpl*)::{lambda()#1}::operator()() const::{lambda()#4}::operator()() const::{lambda(unsigned long)#1}>(at::TensorIteratorBase&, at::CUDAGeneratorImpl*, at::native::templates::cuda::random_from_to_kernel<at::CUDAGeneratorImpl*>(at::TensorIteratorBase&, unsigned long, long, at::CUDAGeneratorImpl*)::{lambda()#1}::operator()() const::{lambda()#4}::operator()() const::{lambda(curandStatePhilox4_32_10*)#1} const&, at::native::templates::cuda::random_from_to_kernel<at::CUDAGeneratorImpl*>(at::TensorIteratorBase&, unsigned long, long, at::CUDAGeneratorImpl*)::{lambda()#1}::operator()() const::{lambda()#4}::operator()() const::{lambda(unsigned long)#1})::{lambda(int, unsigned long)#1})",1225,211.944282,False
"void at::native::(anonymous namespace)::GammaBetaBackwardCUDAKernel_32x32<float, float>(long, long, float const*, float const*, float const*, float const*, float*, float*)",2401,182.040368,False
"void at::native::(anonymous namespace)::CatArrayBatchedCopy_aligned16_contig<at::native::(anonymous namespace)::OpaqueType<4u>, unsigned int, 3, 128, 1>(at::native::(anonymous namespace)::OpaqueType<4u>*, at::native::(anonymous namespace)::CatArrInputTensorMetadata<at::native::(anonymous namespace)::OpaqueType<4u>, unsigned int, 128, 1>, at::native::(anonymous namespace)::TensorSizeStride<unsigned int, 4u>, int, unsigned int)",1176,173.127124,False
"void at::native::(anonymous namespace)::layer_norm_grad_input_kernel_vectorized<float, float>(float const*, float const*, float const*, float const*, float const*, float*, int)",2401,168.665550,False
"void at::native::(anonymous namespace)::vectorized_layer_norm_kernel<float, float>(int, float, float const*, float const*, float const*, float*, float*, float*)",2401,156.594240,False
"void at::native::vectorized_elementwise_kernel<4, at::native::FillFunctor<float>, at::detail::Array<char*, 1> >(int, at::native::FillFunctor<float>, at::detail::Array<char*, 1>)",2786,150.555521,False
"void at::native::(anonymous namespace)::fused_dropout_kernel_vec<float, float, unsigned int, 1, 4, bool>(at::cuda::detail::TensorInfo<float const, unsigned int>, at::cuda::detail::TensorInfo<float, unsigned int>, at::cuda::detail::TensorInfo<bool, unsigned int>, unsigned int, float, at::PhiloxCudaState)",2401,145.483119,False
"void at_cuda_detail::cub::DeviceRadixSortHistogramKernel<at_cuda_detail::cub::DeviceRadixSortPolicy<long, at::cuda::cub::detail::OpaqueType<8>, unsigned long long>::Policy800, false, long, unsigned long long>(unsigned long long*, long const*, unsigned long long, int, int)",1274,136.824788,False
"void at::native::vectorized_elementwise_kernel<4, at::native::(anonymous namespace)::masked_scale_kernel<bool, float, float>(at::Tensor&, at::Tensor const&, at::Tensor const&, float)::{lambda(float, bool)#1}, at::detail::Array<char*, 3> >(int, at::native::(anonymous namespace)::masked_scale_kernel<bool, float, float>(at::Tensor&, at::Tensor const&, at::Tensor const&, float)::{lambda(float, bool)#1}, at::detail::Array<char*, 3>)",2401,134.868493,False
"void at::native::(anonymous namespace)::CatArrayBatchedCopy_aligned16_contig<at::native::(anonymous namespace)::OpaqueType<4u>, unsigned int, 1, 128, 1>(at::native::(anonymous namespace)::OpaqueType<4u>*, at::native::(anonymous namespace)::CatArrInputTensorMetadata<at::native::(anonymous namespace)::OpaqueType<4u>, unsigned int, 128, 1>, at::native::(anonymous namespace)::TensorSizeStride<unsigned int, 4u>, int, unsigned int)",1274,120.770080,False
"void (anonymous namespace)::randperm_handle_duplicate_keys_kernel<long, at::native::(anonymous namespace)::OpaqueType<8> >(long*, at::native::(anonymous namespace)::OpaqueType<8>*, long, int, at::PhiloxCudaState)",1225,116.020446,False
"void at::native::(anonymous namespace)::multi_tensor_apply_kernel<at::native::(anonymous namespace)::TensorListMetadata<1>, at::native::(anonymous namespace)::BinaryOpScalarFunctor<float, 1, 1, 0>, std::multiplies<float>, float>(at::native::(anonymous namespace)::TensorListMetadata<1>, at::native::(anonymous namespace)::BinaryOpScalarFunctor<float, 1, 1, 0>, std::multiplies<float>, float)",882,110.411965,False
"void at::native::(anonymous namespace)::multi_tensor_apply_kernel<at::native::(anonymous namespace)::TensorListScalarListMetadata<float, 3>, at::native::(anonymous namespace)::PointwiseOpScalarListFunctor<float, 3, 3, 0>, std::divides<float> >(at::native::(anonymous namespace)::TensorListScalarListMetadata<float, 3>, at::native::(anonymous namespace)::PointwiseOpScalarListFunctor<float, 3, 3, 0>, std::divides<float>)",441,107.335690,False
"void at::native::reduce_kernel<512, 1, at::native::ReduceOp<float, at::native::NormTwoOps<float, float, float>, unsigned int, float, 4> >(at::native::ReduceOp<float, at::native::NormTwoOps<float, float, float>, unsigned int, float, 4>)",2499,84.076458,False
"void at::native::(anonymous namespace)::multi_tensor_apply_kernel<at::native::(anonymous namespace)::TensorListMetadata<3>, at::native::(anonymous namespace)::PointwiseOpScalarFunctor<float, 3, 3, 0>, std::multiplies<float>, float>(at::native::(anonymous namespace)::TensorListMetadata<3>, at::native::(anonymous namespace)::PointwiseOpScalarFunctor<float, 3, 3, 0>, std::multiplies<float>, float)",441,81.268571,False
"void at::native::(anonymous namespace)::multi_tensor_apply_kernel<at::native::(anonymous namespace)::TensorListMetadata<2>, at::native::(anonymous namespace)::TernaryOpScalarFunctor<float, 2, 2, 0>, at::native::LerpFunctor<float>, float>(at::native::(anonymous namespace)::TensorListMetadata<2>, at::native::(anonymous namespace)::TernaryOpScalarFunctor<float, 2, 2, 0>, at::native::LerpFunctor<float>, float)",441,80.845565,False
"void at::native::reduce_kernel<512, 1, at::native::ReduceOp<float, at::native::func_wrapper_t<float, at::native::sum_functor<float, float, float>::operator()(at::TensorIterator&)::{lambda(float, float)#1}>, unsigned int, float, 4> >(at::native::ReduceOp<float, at::native::func_wrapper_t<float, at::native::sum_functor<float, float, float>::operator()(at::TensorIterator&)::{lambda(float, float)#1}>, unsigned int, float, 4>)",1176,67.504289,False
"void at::native::vectorized_elementwise_kernel<4, at::native::FillFunctor<unsigned char>, at::detail::Array<char*, 1> >(int, at::native::FillFunctor<unsigned char>, at::detail::Array<char*, 1>)",1176,62.887381,False
"void at::native::(anonymous namespace)::multi_tensor_apply_kernel<at::native::(anonymous namespace)::TensorListScalarListMetadata<float, 1>, at::native::(anonymous namespace)::BinaryOpScalarListFunctor<float, 1, 1, 0>, std::divides<float> >(at::native::(anonymous namespace)::TensorListScalarListMetadata<float, 1>, at::native::(anonymous namespace)::BinaryOpScalarListFunctor<float, 1, 1, 0>, std::divides<float>)",441,57.761273,False
"void at::native::(anonymous namespace)::multi_tensor_apply_kernel<at::native::(anonymous namespace)::TensorListMetadata<2>, at::native::(anonymous namespace)::UnaryOpFunctor<float, 2, 1, 1>, at::native::Sqrt<float> >(at::native::(anonymous namespace)::TensorListMetadata<2>, at::native::(anonymous namespace)::UnaryOpFunctor<float, 2, 1, 1>, at::native::Sqrt<float>)",441,55.650336,False
"void at::native::(anonymous namespace)::multi_tensor_apply_kernel<at::native::(anonymous namespace)::TensorListMetadata<1>, at::native::(anonymous namespace)::BinaryOpScalarFunctor<float, 1, 1, 0>, std::plus<float>, float>(at::native::(anonymous namespace)::TensorListMetadata<1>, at::native::(anonymous namespace)::BinaryOpScalarFunctor<float, 1, 1, 0>, std::plus<float>, float)",441,55.532679,False
"void at::native::(anonymous namespace)::multi_tensor_apply_kernel<at::native::(anonymous namespace)::TensorListMetadata<1>, at::native::(anonymous namespace)::UnaryOpFunctor<float, 1, 1, 0>, at::native::_amp_foreach_non_finite_check_and_unscale_cuda_(c10::ArrayRef<at::Tensor>, at::Tensor&, at::Tensor const&)::{lambda()#1}::operator()() const::{lambda()#2}::operator()() const::{lambda(float)#1}>(at::native::(anonymous namespace)::TensorListMetadata<1>, at::native::(anonymous namespace)::UnaryOpFunctor<float, 1, 1, 0>, at::native::_amp_foreach_non_finite_check_and_unscale_cuda_(c10::ArrayRef<at::Tensor>, at::Tensor&, at::Tensor const&)::{lambda()#1}::operator()() const::{lambda()#2}::operator()() const::{lambda(float)#1})",441,55.053328,False
"void at::native::(anonymous namespace)::multi_tensor_apply_kernel<at::native::(anonymous namespace)::TensorListMetadata<1>, at::native::(anonymous namespace)::BinaryOpScalarTensorFunctor<float, 1, 1, 0>, std::multiplies<float>, float*, float>(at::native::(anonymous namespace)::TensorListMetadata<1>, at::native::(anonymous namespace)::BinaryOpScalarTensorFunctor<float, 1, 1, 0>, std::multiplies<float>, float*, float)",441,54.803559,False
